{
  "project_info": {
    "project_number": "811693690731",
    "project_id": "skillswipe-rz60rc",
    "storage_bucket": "skillswipe-rz60rc.firebasestorage.app"
  },
  "client": [
    {
      "client_info": {
        "mobilesdk_app_id": "1:811693690731:android:e596708166500f862e062e",
        "android_client_info": {
          "package_name": "com.mycompany.skillswipe"
        }
      },
      "oauth_client": [
        {
          "client_id": "811693690731-hk42ek7v02mrmogdn284k233c9uv9d3r.apps.googleusercontent.com",
          "client_type": 1,
          "android_info": {
            "package_name": "com.mycompany.skillswipe",
            "certificate_hash": "9bbb3186b2189ef16d8f272bdab59362c395cbb4"
          }
        },
        {
          "client_id": "811693690731-25r0tctsjdl0iv4m56o1ar2gmp4ivn38.apps.googleusercontent.com",
          "client_type": 3
        }
      ],
      "api_key": [
        {
          "current_key": "AIzaSyCh4a1XmquQmA4thjkRb3Y41SFPQkHKYtM"
        }
      ],
      "services": {
        "appinvite_service": {
          "other_platform_oauth_client": [
            {
              "client_id": "811693690731-25r0tctsjdl0iv4m56o1ar2gmp4ivn38.apps.googleusercontent.com",
              "client_type": 3
            },
            {
              "client_id": "811693690731-f5sfucmr5uetgq4e3a57o0q7ntknmcs2.apps.googleusercontent.com",
              "client_type": 2,
              "ios_info": {
                "bundle_id": "com.mycompany.skillswipe"
              }
            }
          ]
        }
      }
    }
  ],
  "configuration_version": "1"
}